{
  "timestamp": "2025-10-16T16:21:10.730164",
  "config": {
    "concurrent": 32,
    "batches": 2,
    "total_runs": 64,
    "python_version": "3.13",
    "vm_config": {
      "vcpus": 1,
      "memory_mb": 2048,
      "disk_gb": 8
    }
  },
  "raw_times": {
    "Morph": [
      7.695633000010275,
      5.720538958004909,
      5.550243499994394,
      5.471972667000955,
      5.422675624999101,
      5.695070665999083,
      5.879953750001732,
      5.777854625004693,
      5.443005041990546,
      5.504768291997607,
      5.560814166994533,
      5.565006541990442,
      5.446091874997364,
      5.439086500002304,
      5.828915790989413,
      5.5590618749993155,
      5.740009541012114,
      5.414090000005672,
      5.54324166700826,
      5.562393333995715,
      5.5604305419983575,
      5.548589665995678,
      5.69407612500072,
      5.514773165996303,
      5.55679395799234,
      5.655199041997548,
      5.539983791997656,
      5.56298308300029,
      5.465591374988435,
      5.561027874995489,
      5.881194250003318,
      5.571429417002946,
      3.2516433330019936,
      3.9406914159917505,
      2.492313542010379,
      2.691730958991684,
      2.7192545830039307,
      2.789506708009867,
      2.4964540829969337,
      2.9246217499894556,
      4.736606374994153,
      4.721730083008879,
      3.5901866250060266,
      3.241854791995138,
      2.71491441699618,
      2.6133412499912083,
      3.8506833749997895,
      3.274771000011242,
      3.8649038750008913,
      3.947740250005154,
      2.7013218750071246,
      2.77518675000465,
      2.8045451670041075,
      2.8029126250039553,
      2.486099958012346,
      3.696394083002815,
      3.7853850410028826,
      3.7691012090072036,
      4.533128416995169,
      3.098162875001435,
      3.4149914589943364,
      4.887327542004641,
      2.5846195000049192,
      3.826778375005233
    ],
    "Modal": [
      1.5645843330130447,
      1.7431601249991218,
      1.9271628330025123,
      1.7618481249955948,
      1.8051675839960808,
      2.078216790992883,
      1.654900749999797,
      1.5887979580002138,
      2.365848209010437,
      1.9313605000061216,
      1.6577185829955852,
      1.7922177920117974,
      2.04067570900952,
      2.0901754579972476,
      1.3353639999986626,
      1.5248954159906134,
      2.0448936659959145,
      1.6104515000042738,
      1.5252464170043822,
      2.300017834000755,
      1.5778468749922467,
      1.9618594589992426,
      2.689960791001795,
      1.58587691700086,
      1.8084553749940824,
      1.7932110830006422,
      1.809268750002957,
      1.6275256670051022,
      1.982864082994638,
      1.5553070410096552,
      2.317202209000243,
      1.8547041669953614,
      1.5102082919911481,
      2.0199256670020986,
      1.5705922920024022,
      1.771367207998992,
      1.8675427919952199,
      1.297402707990841,
      1.9482134580030106,
      1.526324749997002,
      2.2591202089970466,
      1.6994887920009205,
      1.4890969999978552,
      2.0354703749908367,
      1.235911625000881,
      1.717693375001545,
      1.6089976669900352,
      1.6048929160024272,
      1.6115699999936623,
      1.5698443750006845,
      1.389193625000189,
      2.040806250006426,
      1.699340666003991,
      1.5928279999934603,
      1.8283994579978753,
      1.8416606250102632,
      1.8214839580032276,
      2.0380892919929465,
      2.0837060839985497,
      2.244515667000087,
      1.793797459002235,
      1.747156792000169,
      1.6586001249961555,
      1.8695075420109788
    ],
    "Runloop": [
      3.131376707999152,
      4.543065582998679,
      3.035650290999911,
      3.300626584008569,
      2.864460540993605,
      3.39295987499645,
      3.741697292003664,
      3.2827976669941563,
      3.7430593330063857,
      3.5023657499987166,
      3.4578754999965895,
      3.839444500001264,
      3.701474916000734,
      3.6234523330058437,
      3.484194083008333,
      2.8130078749964014,
      2.948086415999569,
      3.518927375000203,
      3.839849416996003,
      3.8367949170060456,
      3.6912817080010427,
      3.838348250006675,
      3.7614374170079827,
      3.392604084001505,
      3.456373249995522,
      3.094810000009602,
      3.2608498340123333,
      4.629892208002275,
      3.261077709001256,
      3.3753340000112075,
      3.883658332997584,
      3.4710191670019412,
      2.4588493339979323,
      2.545800165986293,
      2.9847507079975912,
      3.0567549169936683,
      3.464691375003895,
      2.591777583002113,
      3.174864417000208,
      3.180187958001625,
      3.486729333002586,
      4.217105707997689,
      3.17364979199192,
      3.7967330839892384,
      2.644428167011938,
      2.5907709580060327,
      3.1864587080053752,
      3.078461083001457,
      3.0832442919927416,
      2.9525236250046873,
      2.9756157090014312,
      2.68974299999536,
      3.126454041994293,
      4.0981543750094716,
      3.1840078749955865,
      3.1670818330021575,
      2.472464459002367,
      3.084454249998089,
      3.205403334010043,
      2.2736385419993894,
      3.496838040999137,
      3.087698082992574,
      3.779113165990566,
      2.6704673750064103
    ]
  },
  "statistics": {
    "Morph": {
      "mean": 4.499396921875359,
      "median": 5.1507087710051564,
      "min": 2.486099958012346,
      "max": 7.695633000010275,
      "std_dev": 1.2984736884835006,
      "p95": 5.828915790989413,
      "p99": 7.695633000010275
    },
    "Modal": {
      "mean": 1.7953052350624148,
      "median": 1.7817925000053947,
      "min": 1.235911625000881,
      "max": 2.689960791001795,
      "std_dev": 0.275567130907429,
      "p95": 2.300017834000755,
      "p99": 2.689960791001795
    },
    "Runloop": {
      "mean": 3.307762003250673,
      "median": 3.2609637715067947,
      "min": 2.2736385419993894,
      "max": 4.629892208002275,
      "std_dev": 0.48349004277191726,
      "p95": 4.0981543750094716,
      "p99": 4.629892208002275
    }
  }
}